{
  "users": [
    {
      "name": "un",
      "age": 10,
      "id": 1
    },
    {
      "name": "deux",
      "age": 20,
      "id": 2
    },
    {
      "name": "trois",
      "age": 33,
      "id": 3
    },
    {
      "name": "quatre",
      "age": 42,
      "id": 4
    },
    {
      "name": "Nico",
      "age": 18,
      "id": 5
    },
    {
      "name": "ektl",
      "age": 18,
      "id": 6
    },
    {
      "name": "lk",
      "age": 18,
      "id": 7
    },
    {
      "name": "aa",
      "age": 18,
      "id": 8
    },
    {
      "name": "zz",
      "age": 18,
      "id": 9
    },
    {
      "name": "ezf",
      "age": 18,
      "id": 10
    },
    {
      "name": "ee",
      "age": 18,
      "id": 11
    }
  ]
}